{"avg_fitness": -746.26318359375, "max_fitness": -315.96246337890625, "min_fitness": -1063.7772216796875, "_timestamp": 1717332709.984491, "_runtime": 49.10467004776001, "_step": 29, "_wandb": {"runtime": 48}}