{"avg_fitness": -859.4215698242188, "max_fitness": -405.4306640625, "min_fitness": -1040.3572998046875, "_timestamp": 1717250586.9149408, "_runtime": 331.23854994773865, "_step": 255, "_wandb": {"runtime": 330}}