{"avg_fitness": -701.3291015625, "max_fitness": -127.76815795898438, "min_fitness": -1103.55810546875, "_timestamp": 1717250216.402543, "_runtime": 214.63796496391296, "_step": 255, "_wandb": {"runtime": 214}}