{"avg_fitness": -999.5387573242188, "max_fitness": -717.5355834960938, "min_fitness": -1084.5023193359375, "_timestamp": 1717332509.2894652, "_runtime": 12.03613829612732, "_step": 0, "_wandb": {"runtime": 11}}