{"avg_fitness": -938.936767578125, "max_fitness": -250.2546844482422, "min_fitness": -1082.35400390625, "_timestamp": 1717332289.748072, "_runtime": 22.626319885253906, "_step": 9, "_wandb": {"runtime": 22}}