{"avg_fitness": -938.936767578125, "max_fitness": -250.2546844482422, "min_fitness": -1082.35400390625, "_timestamp": 1717332366.106112, "_runtime": 22.421602964401245, "_step": 9, "_wandb": {"runtime": 21}}