{"avg_fitness": -938.936767578125, "max_fitness": -250.2546844482422, "min_fitness": -1082.35400390625, "_timestamp": 1717332164.403894, "_runtime": 26.070029973983765, "_step": 9, "_wandb": {"runtime": 25}}