{"avg_fitness": -87.56874084472656, "max_fitness": -18.689258575439453, "min_fitness": -224.16761779785156, "_timestamp": 1717249021.8628411, "_runtime": 139.76949501037598, "_step": 255, "_wandb": {"runtime": 139}}